Date,Name,Year,Letterboxd URI
2024-01-27,The Grand Budapest Hotel,2014,https://boxd.it/3ZqO
2024-01-27,The Wolf of Wall Street,2013,https://boxd.it/3C1m
2024-01-27,Dune,2021,https://boxd.it/fA7G
2024-01-27,Taxi Driver,1976,https://boxd.it/2b8y
2024-02-13,Exotica,1994,https://boxd.it/1DXW
2024-03-10,Dune: Part Two,2024,https://boxd.it/pUfA
2024-04-13,The Mother of the Kings,1987,https://boxd.it/7eAg
2024-06-11,Skate Kitchen,2018,https://boxd.it/hI3Q
2024-09-07,Annette,2021,https://boxd.it/f0RS
2024-09-07,Parallel Mothers,2021,https://boxd.it/sOP4
2024-09-07,The Scent of Green Papaya,1993,https://boxd.it/1EWq
2024-09-07,The Summer with Carmen,2023,https://boxd.it/HMbc
2024-11-06,Imago,2023,https://boxd.it/H2QS
2024-11-06,Scrapper,2023,https://boxd.it/zht4
2024-11-13,Jackie,2016,https://boxd.it/d6bu
2024-11-13,The Brutalist,2024,https://boxd.it/k4BO
2024-11-13,We Live in Time,2024,https://boxd.it/FC5u
2024-11-13,Punch-Drunk Love,2002,https://boxd.it/20E4
2024-11-20,Monument,2018,https://boxd.it/jIKO
2024-11-20,Tower. A Bright Day.,2017,https://boxd.it/hdX4
2025-01-14,Paradise: Love,2012,https://boxd.it/3wTW
2025-01-28,The Ascent,1977,https://boxd.it/Eew
2025-02-03,Singles,1992,https://boxd.it/1UIu
2025-02-16,Mystic Pizza,1988,https://boxd.it/1UpC
2025-02-17,A Bigger Splash,2015,https://boxd.it/azgs
2025-02-17,I Am Love,2009,https://boxd.it/10ac
2025-02-24,The Third Part of the Night,1971,https://boxd.it/Miw
2025-02-26,Twin Peaks: The Return,2017,https://boxd.it/hN9O
2025-03-01,Anora,2024,https://boxd.it/Egcw
2025-03-01,The Florida Project,2017,https://boxd.it/dMG0
2025-03-07,The Seed of the Sacred Fig,2024,https://boxd.it/MKo4
2025-03-22,Three Colours: Blue,1993,https://boxd.it/2b7K
2025-03-22,My Night at Maud's,1969,https://boxd.it/Hwo
2025-03-25,First Cow,2019,https://boxd.it/krga
2025-03-25,Humpday,2009,https://boxd.it/1ySC
2025-03-25,Saint Frances,2019,https://boxd.it/l9w2
2025-03-25,Parthenope,2024,https://boxd.it/FWo2
2025-03-26,Revenge,2017,https://boxd.it/gL9g
2025-03-26,Bird Talk,2019,https://boxd.it/mSp8
2025-03-27,I Am Cuba,1964,https://boxd.it/1hUQ
2025-03-29,Under the Skin,2013,https://boxd.it/3mDa
2025-03-29,A Woman's Decision,1975,https://boxd.it/7Ggy
2025-04-02,All These Sons,2021,https://boxd.it/uZ1o
2025-04-02,Baby Invasion,2024,https://boxd.it/M6VC
2025-04-02,Reality,2014,https://boxd.it/5txC
2025-04-02,Dogville,2003,https://boxd.it/2a8W
2025-04-02,Melancholia,2011,https://boxd.it/bPI
2025-04-02,The House That Jack Built,2018,https://boxd.it/dWO4
2025-04-02,We Need to Talk About Kevin,2011,https://boxd.it/2pTS
2025-04-05,Regular Lovers,2005,https://boxd.it/QhM
2025-04-06,Manchester by the Sea,2016,https://boxd.it/b2L0
2025-04-06,Pauline at the Beach,1983,https://boxd.it/1WC4
2025-04-06,The Green Ray,1986,https://boxd.it/t8W
2025-04-07,Heat,1995,https://boxd.it/2bg8
2025-04-07,Thief,1981,https://boxd.it/1TEc
2025-04-07,Paddington 2,2017,https://boxd.it/bCF8
2025-04-07,An Unfinished Film,2024,https://boxd.it/x9Ai
2025-04-08,"Girl, Interrupted",1999,https://boxd.it/25ds
2025-04-12,Van Gogh,1991,https://boxd.it/23Tc
2025-04-12,Every Man for Himself,1980,https://boxd.it/3NuY
2025-04-12,She Kept Asking for the Moon,1983,https://boxd.it/aGSI
2025-04-12,If I Had a Gun,1971,https://boxd.it/3rCw
2025-04-13,Twin Peaks: Fire Walk with Me,1992,https://boxd.it/27Qw
2025-04-13,Pat Garrett & Billy the Kid,1973,https://boxd.it/1TvE
2025-04-14,El Topo,1970,https://boxd.it/1QYS
2025-04-14,Holy Motors,2012,https://boxd.it/3wai
2025-04-15,Night Train,1959,https://boxd.it/14VG
2025-04-15,Blind Chance,1987,https://boxd.it/2b4G
2025-04-15,I Do Not Care If We Go Down in History as Barbarians,2018,https://boxd.it/i4Ui
2025-04-15,The Girl with the Dragon Tattoo,2009,https://boxd.it/1Mb8
2025-04-15,Valley of the Boom,2019,https://boxd.it/mpGY
2025-04-15,WarGames,1983,https://boxd.it/29qU
2025-04-17,The Lovers on the Bridge,1991,https://boxd.it/26li
2025-04-17,Mauvais Sang,1986,https://boxd.it/5c6
2025-04-17,Mister Lonely,2007,https://boxd.it/1KKg
2025-04-17,Warfare,2025,https://boxd.it/LbRo
2025-04-17,21 Grams,2003,https://boxd.it/2ajK
2025-04-18,Johnny Guitar,1954,https://boxd.it/1tyW
2025-04-18,The Zone of Interest,2023,https://boxd.it/gJsA
2025-04-18,High and Low,1963,https://boxd.it/1RSc
2025-04-18,Paper Moon,1973,https://boxd.it/1Ud2
2025-04-18,Targets,1968,https://boxd.it/1Fbq
2025-04-18,Ashes and Diamonds,1958,https://boxd.it/23q0
2025-04-18,Kanal,1957,https://boxd.it/1mky
2025-04-18,"Institute Benjamenta, or This Dream People Call Human Life",1995,https://boxd.it/11fW
2025-04-18,Eddington,2025,https://boxd.it/o6MC
2025-04-20,Black Mirror: Eulogy,2025,https://boxd.it/U1Ww
2025-04-22,The Age of Innocence,1993,https://boxd.it/1WgM
2025-04-22,The Tree of Life,2011,https://boxd.it/1Zu8
2025-04-22,A Hidden Life,2019,https://boxd.it/eb1Q
2025-04-22,Pi,1998,https://boxd.it/2ajq
2025-04-22,Werewolf,2018,https://boxd.it/i4Lq
2025-04-22,Simona Kossak,2024,https://boxd.it/JriA
2025-04-23,Friendship,2024,https://boxd.it/L6Dc
2025-04-25,3 Women,1977,https://boxd.it/YPs
2025-04-26,Don't Look Now,1973,https://boxd.it/29fC
2025-04-28,The Last Dive,1992,https://boxd.it/2Vbo
2025-04-29,Mirror,1975,https://boxd.it/28Q8
2025-04-29,I'm Thinking of Ending Things,2020,https://boxd.it/i4IQ
2025-04-29,Anomalisa,2015,https://boxd.it/97TE
2025-04-29,Maps to the Stars,2014,https://boxd.it/4WCu
2025-04-30,We All Loved Each Other So Much,1974,https://boxd.it/XjK
2025-04-30,Explanation for Everything,2023,https://boxd.it/EHhS
2025-04-30,The Mastermind,2025,https://boxd.it/Q7ge
2025-04-30,Frankie and Johnny,1991,https://boxd.it/250S
2025-04-30,Something Wild,1986,https://boxd.it/1UbU
2025-04-30,Moonstruck,1987,https://boxd.it/27zg
2025-05-01,Devs,2020,https://boxd.it/ppHI
2025-05-01,Ex Machina,2015,https://boxd.it/7T2k
2025-05-02,Mad Max: Fury Road,2015,https://boxd.it/2DjO
2025-05-02,Hideo Kojima: Connecting Worlds,2023,https://boxd.it/GA5E
2025-05-03,Fish Tank,2009,https://boxd.it/1xBg
2025-05-03,American Honey,2016,https://boxd.it/bk7C
2025-05-04,Buena Vista Social Club,1999,https://boxd.it/1T6E
2025-05-04,Le Bonheur,1965,https://boxd.it/xyk
2025-05-04,Deep End,1970,https://boxd.it/i8m
2025-05-04,The Departure,1967,https://boxd.it/4qCW
2025-05-04,Mulholland Drive,2001,https://boxd.it/297o
2025-05-04,Women Make Film: A New Road Movie Through Cinema,2020,https://boxd.it/BAyc
2025-05-04,The Story of Film: An Odyssey,2011,https://boxd.it/A10C
2025-05-04,The Tragedy of Macbeth,2021,https://boxd.it/lMi4
2025-05-04,Moonrise Kingdom,2012,https://boxd.it/2Wng
2025-05-05,The Third Man,1949,https://boxd.it/294E
2025-05-06,The Idiots,1998,https://boxd.it/2amu
2025-05-06,Nights of Cabiria,1957,https://boxd.it/1F7e
2025-05-06,Oasis,2002,https://boxd.it/1sO0
2025-05-11,No Matter How Hard We Tried,2014,https://boxd.it/eNb0
2025-05-11,Hear My Cry,1991,https://boxd.it/9hbi
2025-05-13,Following the Sun,1961,https://boxd.it/630
2025-05-14,Daughters of Darkness,1971,https://boxd.it/NMs
2025-05-14,Bound,1996,https://boxd.it/1Z1g
2025-05-15,Secrets & Lies,1996,https://boxd.it/1UuC
2025-05-15,Hard Truths,2024,https://boxd.it/CiDq
2025-05-15,Happy-Go-Lucky,2008,https://boxd.it/1W68
2025-05-15,Life Is Sweet,1990,https://boxd.it/19GQ
2025-05-16,The Plague,2025,https://boxd.it/QMbO
2025-05-17,They Shall Not Grow Old,2018,https://boxd.it/jP62
2025-05-17,To Live and Die in L.A.,1985,https://boxd.it/1XFo
2025-05-17,Urchin,2025,https://boxd.it/MY30
2025-05-18,Die My Love,2025,https://boxd.it/D5cI
2025-05-21,Night on Earth,1991,https://boxd.it/2ayq
2025-05-23,Reprise,2006,https://boxd.it/1Sji
2025-05-23,The Discreet Charm of the Bourgeoisie,1972,https://boxd.it/2440
2025-05-23,Long Day's Journey Into Night,2018,https://boxd.it/hw1I
2025-05-24,Solaris Mon Amour,2023,https://boxd.it/GBUy
2025-05-24,A History of Violence,2005,https://boxd.it/2bfa
2025-05-24,Eastern Promises,2007,https://boxd.it/275q
2025-05-24,Casino,1995,https://boxd.it/2ads
2025-05-24,"What's Up, Doc?",1972,https://boxd.it/21iy
2025-05-25,It Was Just an Accident,2025,https://boxd.it/TX2k
2025-05-25,Winter Sleep,2014,https://boxd.it/7Ua0
2025-05-25,Do the Right Thing,1989,https://boxd.it/29gA
2025-05-25,Malcolm X,1992,https://boxd.it/27WE
2025-05-26,Dottie Gets Spanked,1993,https://boxd.it/4GQg
2025-05-26,May December,2023,https://boxd.it/vEE2
2025-05-26,Velvet Goldmine,1998,https://boxd.it/2878
2025-05-26,I'm Not There,2007,https://boxd.it/24Ys
2025-05-26,Private Life,2018,https://boxd.it/gn9Q
2025-05-26,The Savages,2007,https://boxd.it/20ra
2025-05-27,Fat City,1972,https://boxd.it/1JnU
2025-05-29,Taste of Cherry,1997,https://boxd.it/1m8W
2025-05-29,The Web,2013,https://boxd.it/cjy0
2025-05-29,The Curse,2023,https://boxd.it/IWYq
2025-05-30,The Box,2009,https://boxd.it/1zZO
2025-05-30,The Village,2004,https://boxd.it/21iS
2025-05-31,All That Jazz,1979,https://boxd.it/1JB8
2025-06-03,Masculin Féminin,1966,https://boxd.it/23UY
2025-06-03,The Rules of the Game,1939,https://boxd.it/29Es
2025-06-03,Grand Illusion,1937,https://boxd.it/29Ei
2025-06-03,Le Trou,1960,https://boxd.it/1nSw
2025-06-05,Mouchette,1967,https://boxd.it/28Bs
2025-06-07,Jesus Camp,2006,https://boxd.it/28ac
2025-06-07,Outside In,2017,https://boxd.it/gXfK
2025-06-07,Your Sister's Sister,2011,https://boxd.it/2Y04
2025-06-08,The Phoenician Scheme,2025,https://boxd.it/H0Ca
2025-06-09,The Story of Sin,1975,https://boxd.it/4UZc
2025-06-12,Eyes Wide Shut,1999,https://boxd.it/2axs
2025-06-12,Magnolia,1999,https://boxd.it/2aze
2025-06-15,Au Hasard Balthazar,1966,https://boxd.it/1E3g
2025-06-15,Cure,1997,https://boxd.it/1blA
2025-06-15,Pulse,2001,https://boxd.it/1s3y
2025-06-15,Children of Men,2006,https://boxd.it/1Y2i
2025-06-15,The Atlas,2017,https://boxd.it/k3MG
2025-06-15,The Doll,2026,https://boxd.it/Os2y
2025-06-17,Stranger Eyes,2024,https://boxd.it/zMeO
2025-06-18,A Short Film About Killing,1988,https://boxd.it/1VtK
2025-06-18,Boris Godounov,1989,https://boxd.it/3pXs
2025-06-18,Beau Travail,1999,https://boxd.it/1NI8
2025-06-18,35 Shots of Rum,2008,https://boxd.it/1unA
2025-06-18,Both Sides of the Blade,2022,https://boxd.it/sTyW
2025-06-21,28 Years Later,2025,https://boxd.it/FEGM
2025-06-21,Ruby Sparks,2012,https://boxd.it/3w9O
2025-06-21,Fleishman Is in Trouble,2022,https://boxd.it/DLMy
2025-06-21,Fiddler on the Roof,1971,https://boxd.it/1Nle
2025-06-21,The Long Goodbye,1973,https://boxd.it/281O
2025-06-21,The Player,1992,https://boxd.it/1WlM
2025-06-21,The Untouchables,1987,https://boxd.it/2b6i
2025-06-23,Dersu Uzala,1975,https://boxd.it/1XRO
2025-06-23,Moneyball,2011,https://boxd.it/glS
2025-06-23,Flipped,2010,https://boxd.it/Tb8
2025-06-23,Angels in America,2003,https://boxd.it/1yug
2025-06-24,The Beaches of Agnès,2008,https://boxd.it/14Y6
2025-06-24,Cléo from 5 to 7,1962,https://boxd.it/2agm
2025-06-24,Faces Places,2017,https://boxd.it/g7ck
2025-06-24,One Night... a Train,1968,https://boxd.it/3zC
2025-06-28,Silence,2016,https://boxd.it/2cAo
2025-06-28,No Life King,1989,https://boxd.it/4aYC
2025-06-29,Shame,2011,https://boxd.it/2CxU
2025-06-29,12 Years a Slave,2013,https://boxd.it/2D2e
2025-06-29,Hunger,2008,https://boxd.it/1Wso
2025-07-01,Sacco & Vanzetti,1971,https://boxd.it/J1s
2025-07-02,Céline and Julie Go Boating,1974,https://boxd.it/1sGA
2025-07-02,The Conformist,1970,https://boxd.it/20cE
2025-07-03,Burning,2018,https://boxd.it/hHUa
2025-07-05,Favoriten,2024,https://boxd.it/zu9c
2025-07-06,April,2024,https://boxd.it/Egx0
2025-07-06,The Secret Agent,2025,https://boxd.it/KkUE
2025-07-06,Miroirs No. 3,2025,https://boxd.it/IH3Y
2025-07-06,Afternoons of Solitude,2024,https://boxd.it/APRc
2025-07-06,What Does That Nature Say to You,2025,https://boxd.it/Swmq
2025-07-06,Control Anatomy,2025,https://boxd.it/Vtry
2025-07-06,To Gaza,2025,https://boxd.it/VuNg
2025-07-06,I Only Rest in the Storm,2025,https://boxd.it/FJZa
2025-07-06,Queerpanorama,2025,https://boxd.it/BMZY
2025-07-06,The Good Sister,2025,https://boxd.it/SuTi
2025-07-06,Cactus Pears,2025,https://boxd.it/NaeE
2025-07-06,In my Parents' House,2025,https://boxd.it/RZCq
2025-07-06,Muse,2025,https://boxd.it/SPVu
2025-07-06,The Night of the Shooting Stars,1982,https://boxd.it/XFm
2025-07-06,Timestamp,2025,https://boxd.it/SACi
2025-07-06,The Piano Accident,2025,https://boxd.it/O7k2
2025-07-06,Mums,2025,https://boxd.it/Te1c
2025-07-06,Removal of the Eye,2024,https://boxd.it/Qo8c
2025-07-06,Hallow Road,2025,https://boxd.it/JKYq
2025-07-06,Kill the Jockey,2024,https://boxd.it/FNA4
2025-07-06,The Two Sights,2020,https://boxd.it/lO7M
2025-07-06,Babylon,1980,https://boxd.it/nyk
2025-07-06,Nightshift,1981,https://boxd.it/aBUO
2025-07-06,Peppermint Candy,1999,https://boxd.it/ZQc
2025-07-06,Poetry,2010,https://boxd.it/JAs
2025-07-06,My Dear Subject,1988,https://boxd.it/bjGQ
2025-07-06,Lou Didn’t Say No,1994,https://boxd.it/fV9y
2025-07-06,We're All Still Here,1997,https://boxd.it/bQvQ
2025-07-06,"Black God, White Devil",1964,https://boxd.it/2fmY
2025-07-06,Entranced Earth,1967,https://boxd.it/qkU
2025-07-06,Antonio das Mortes,1969,https://boxd.it/2Bcm
2025-07-06,The Age of the Earth,1980,https://boxd.it/2EAG
2025-07-06,After Before,2017,https://boxd.it/hLoC
2025-07-06,Julien Donkey-Boy,1999,https://boxd.it/VNI
2025-07-06,"Goodbye, Dragon Inn",2003,https://boxd.it/oFG
2025-07-06,The Wind Will Carry Us,1999,https://boxd.it/Uwc
2025-07-06,Distant,2002,https://boxd.it/1k28
2025-07-06,Japón,2002,https://boxd.it/1b4Y
2025-07-06,Loveable,2024,https://boxd.it/EXuo
2025-07-06,Salto,1965,https://boxd.it/5PuK
2025-07-06,The Last Laugh,1924,https://boxd.it/22es
2025-07-06,Drowning Dry,2024,https://boxd.it/Obve
2025-07-06,Woman in the Dunes,1964,https://boxd.it/1JNS
2025-07-06,Das Boot,1981,https://boxd.it/2av2
2025-07-06,Burn After Reading,2008,https://boxd.it/23BW
2025-07-06,Adaptation.,2002,https://boxd.it/26mA
2025-07-07,Benny's Video,1992,https://boxd.it/27Hk
2025-07-07,The Lives of Others,2006,https://boxd.it/2a4A
2025-07-07,Funny Games,2007,https://boxd.it/207a
2025-07-07,The Piano Teacher,2001,https://boxd.it/2886
2025-07-07,Caché,2005,https://boxd.it/2amY
2025-07-07,No,2012,https://boxd.it/3Ie2
2025-07-07,Y Tu Mamá También,2001,https://boxd.it/28QM
2025-07-07,Tetris,2023,https://boxd.it/rePK
2025-07-09,Pharaoh,1966,https://boxd.it/23rC
2025-07-09,Z,1969,https://boxd.it/26pY
2025-07-10,Marie Antoinette,2006,https://boxd.it/27Wa
2025-07-12,The Master and Margarita,2024,https://boxd.it/lzAu
2025-07-12,Aquarius,2016,https://boxd.it/d6YQ
2025-07-14,Broadcast News,1987,https://boxd.it/1RxS
2025-07-14,Superman,2025,https://boxd.it/E9IU
2025-07-14,"Good Morning, Children",1967,https://boxd.it/cSdm
2025-07-14,Happy End,1973,https://boxd.it/dHJy
2025-07-14,The Visit,1974,https://boxd.it/dMN6
2025-07-14,The Musicians,1960,https://boxd.it/6m20
2025-07-14,This Is an Egg,1965,https://boxd.it/ts1S
2025-07-15,Ballad of a Soldier,1959,https://boxd.it/MPq
2025-07-18,Black Orpheus,1959,https://boxd.it/11PU
2025-07-18,L'Avventura,1960,https://boxd.it/23hs
2025-07-18,La Notte,1961,https://boxd.it/10iU
2025-07-18,8½,1963,https://boxd.it/2aqm
2025-07-18,La Dolce Vita,1960,https://boxd.it/2anC
2025-07-18,L'Eclisse,1962,https://boxd.it/1CoG
2025-07-18,Deep Red,1975,https://boxd.it/1E1E
2025-07-18,Suspiria,1977,https://boxd.it/1SNW
2025-07-19,Fire Will Come,2019,https://boxd.it/l8ua
2025-07-20,Sex,2024,https://boxd.it/KFok
2025-07-23,End of the Century,2019,https://boxd.it/lAZU
2025-07-24,Tokyo Noise,2002,https://boxd.it/4dOU
2025-07-26,What It Feels Like for a Girl,2025,https://boxd.it/VBC0
2025-07-26,Synonyms,2019,https://boxd.it/i6De
2025-07-26,The Kindergarten Teacher,2014,https://boxd.it/88fy
2025-07-26,The Kindergarten Teacher,2018,https://boxd.it/hE3i
2025-07-28,A Day in the Country,1946,https://boxd.it/Tm6
2025-07-29,News from Home,1976,https://boxd.it/34TO
2025-07-29,Je Tu Il Elle,1974,https://boxd.it/3gWK
2025-07-29,The Meetings of Anna,1978,https://boxd.it/3gEG
2025-08-01,Preparation for the Next Life,2025,https://boxd.it/O9Iq
2025-08-01,Human Traffic,1999,https://boxd.it/1Uz8
2025-08-02,Pacifiction,2022,https://boxd.it/pOfa
2025-08-02,The Death of Louis XIV,2016,https://boxd.it/cTOo
2025-08-04,Ariel,1988,https://boxd.it/73K
2025-08-06,The Assassination of Jesse James by the Coward Robert Ford,2007,https://boxd.it/24dG
2025-08-07,Erupcja,2025,https://boxd.it/PHcq
2025-08-08,Chungking Express,1994,https://boxd.it/1UDa
2025-08-08,In the Mood for Love,2000,https://boxd.it/29tE
2025-08-08,2046,2004,https://boxd.it/29tu
2025-08-08,The Naked Gun,2025,https://boxd.it/Da9k
2025-08-09,Star Wars: Clone Wars,2003,https://boxd.it/SUlc
2025-08-09,Samurai Jack: The Premiere Movie,2001,https://boxd.it/KQQ
2025-08-09,Happy Gilmore 2,2025,https://boxd.it/M8PQ
2025-08-11,Reflection in a Dead Diamond,2025,https://boxd.it/CjmU
2025-08-11,Ahed's Knee,2021,https://boxd.it/oDp2
2025-08-13,Bullfight,1951,https://boxd.it/fbk6
2025-08-13,Too Old to Die Young,2019,https://boxd.it/mwtW
2025-08-13,La Chimera,2023,https://boxd.it/vzVi
2025-08-13,Waves,2019,https://boxd.it/jpmy
2025-08-13,Blade Runner 2049,2017,https://boxd.it/b8wK
2025-08-13,In the Bedroom,2001,https://boxd.it/27Fo
2025-08-14,His Girl Friday,1940,https://boxd.it/25M8
2025-08-18,Run Lola Run,1998,https://boxd.it/2b8o
2025-08-19,The Apartment,1960,https://boxd.it/2aGE
2025-08-21,Red Road,2006,https://boxd.it/1TbY
2025-08-21,Wasp,2003,https://boxd.it/RRQ
2025-08-22,Manhunter,1986,https://boxd.it/1TOw
2025-08-25,Bonjour Tristesse,1958,https://boxd.it/27OK
2025-08-25,Lola Montès,1955,https://boxd.it/1bzi
2025-08-26,The Visit,2015,https://boxd.it/9ssO
2025-08-26,Signs,2002,https://boxd.it/26t2
2025-08-27,Almost Famous,2000,https://boxd.it/29CQ
2025-08-29,You Can Count on Me,2000,https://boxd.it/1Omi
2025-08-29,Margaret,2011,https://boxd.it/2kbm
2025-08-29,Caught Stealing,2025,https://boxd.it/LnyS
2025-08-29,The Squid and the Whale,2005,https://boxd.it/1VAG
2025-08-31,Birth,2004,https://boxd.it/1VvQ
2025-08-31,Ghost Elephants,2025,https://boxd.it/TMnQ
2025-08-31,Nosferatu the Vampyre,1979,https://boxd.it/21J0
2025-08-31,"Aguirre, the Wrath of God",1972,https://boxd.it/27Fe
2025-08-31,Grizzly Man,2005,https://boxd.it/2ag2
2025-08-31,Fitzcarraldo,1982,https://boxd.it/1YV8
2025-08-31,Bad Lieutenant: Port of Call – New Orleans,2009,https://boxd.it/1TcW
2025-08-31,Stroszek,1977,https://boxd.it/1Td6
2025-08-31,The Enigma of Kaspar Hauser,1974,https://boxd.it/1Tba
2025-08-31,Meeting Gorbachev,2018,https://boxd.it/jK7u
2025-08-31,"My Son, My Son, What Have Ye Done",2009,https://boxd.it/SZ2
2025-09-01,Nil by Mouth,1997,https://boxd.it/1Cde
2025-09-01,Autumn Sonata,1978,https://boxd.it/1Rio
2025-09-02,The Smashing Machine,2025,https://boxd.it/syUC
2025-09-02,Star Wars: The Last Jedi,2017,https://boxd.it/5xme
2025-09-02,Brick,2005,https://boxd.it/1Z6A
2025-09-02,The Pornographer,2001,https://boxd.it/1LeK
2025-09-03,Barrio Triste,2025,https://boxd.it/O0c6
2025-09-04,Starlet,2012,https://boxd.it/3dvG
2025-09-04,Take Out,2004,https://boxd.it/17DA
2025-09-04,The Happiest Day in the Life of Olli Mäki,2016,https://boxd.it/dJpU
2025-09-05,The Dancing Hawk,1978,https://boxd.it/3CvQ
2025-09-05,One Second,2020,https://boxd.it/l71G
2025-09-09,Who Framed Roger Rabbit,1988,https://boxd.it/29ry
2025-09-11,Oedipus Rex,1967,https://boxd.it/WgK
2025-09-17,Man of Marble,1977,https://boxd.it/2aQ0
2025-09-19,Freaky Friday,2003,https://boxd.it/1WwK
2025-09-21,The Passenger,1975,https://boxd.it/1Y8q
2025-09-25,The Usual Suspects,1995,https://boxd.it/29XE
2025-09-25,Django Unchained,2012,https://boxd.it/2cCk
2025-09-25,Reservoir Dogs,1992,https://boxd.it/2agc
2025-09-29,"Peep ""TV"" Show",2004,https://boxd.it/6i34
2025-09-30,Bacurau,2019,https://boxd.it/fSUG
2025-09-30,Wojaczek,1999,https://boxd.it/3Qai
2025-10-01,The Dupes,1972,https://boxd.it/5sEs
2025-10-01,Tale of the Three Jewels,1995,https://boxd.it/8lSI
2025-10-01,Paradise Now,2005,https://boxd.it/2bec
2025-10-04,Inland Empire,2006,https://boxd.it/28d6
2025-10-06,"O-Bi, O-Ba: The End of Civilization",1985,https://boxd.it/2pHW
2025-10-06,"How Far, How Near",1972,https://boxd.it/7GvS
2025-10-06,Election,1999,https://boxd.it/1YEc
2025-10-06,About Schmidt,2002,https://boxd.it/26mU
2025-10-07,Raging Bull,1980,https://boxd.it/28yI
2025-10-07,Angel's Egg,1985,https://boxd.it/1LeA
2025-10-07,Detachment,2011,https://boxd.it/2BiY
2025-10-07,The Virgin Suicides,1999,https://boxd.it/28JG
2025-10-07,In the Mouth of Madness,1994,https://boxd.it/26vi
2025-10-07,Wedding in Galilee,1987,https://boxd.it/GHA
2025-10-09,Two Sleepy People,2025,https://boxd.it/U1qq
2025-10-09,Szamanka,1996,https://boxd.it/2Q14
2025-10-10,How Tasty Was My Little Frenchman,1971,https://boxd.it/3zvo
2025-10-13,Citizen Kane,1941,https://boxd.it/71O
2025-10-17,Day for Night,1973,https://boxd.it/28kG
2025-10-17,Shoot the Piano Player,1960,https://boxd.it/285w
2025-10-17,Dag 1,1997,https://boxd.it/HjFC
2025-10-19,Entergalactic,2022,https://boxd.it/CPN4
2025-10-20,Milk,2008,https://boxd.it/1WZC
2025-10-20,Rushmore,1998,https://boxd.it/1TAO
2025-10-24,A Brighter Summer Day,1991,https://boxd.it/1Luy
2025-10-26,Maurice,1987,https://boxd.it/1tZy
2025-10-29,Fire of Love,2022,https://boxd.it/yoPY
2025-10-29,Kajillionaire,2020,https://boxd.it/jJDY
2025-11-02,When the Light Breaks,2024,https://boxd.it/LTvw
2025-11-04,Bugonia,2025,https://boxd.it/qeWY
2025-11-05,Elite Squad,2007,https://boxd.it/20YI
2025-11-06,Altered States,1980,https://boxd.it/1TBi
2025-11-09,Son of Saul,2015,https://boxd.it/b6r4
2025-11-10,The Color of Pomegranates,1969,https://boxd.it/1u94
2025-11-13,Chilsu and Mansu,1988,https://boxd.it/7BPe
2025-11-13,The Night Eats the World,2018,https://boxd.it/gmgQ
2025-11-15,Mississippi Masala,1991,https://boxd.it/Ywg
2025-11-15,Monsoon Wedding,2001,https://boxd.it/2aiM
2025-11-15,The Namesake,2006,https://boxd.it/1JJG
2025-11-17,Sugar Glass Bottle,2022,https://boxd.it/wazy
2025-11-17,The Chicken,2020,https://boxd.it/rjg6
2025-11-19,Wendy and Lucy,2008,https://boxd.it/1Zx2
2025-11-19,The Aviator,2004,https://boxd.it/26BU
2025-11-22,"Joachim, Put It in the Machine",1974,https://boxd.it/6UjY
2025-11-23,Get Carter,1971,https://boxd.it/28HU
2025-11-24,Wicked: For Good,2025,https://boxd.it/AyfK
2025-11-25,Penumbria,2016,https://boxd.it/gtG2
2025-11-29,Bring It On,2000,https://boxd.it/28x6
2025-11-30,The Daytrippers,1996,https://boxd.it/F9i
2025-12-02,Heart Attack,2015,https://boxd.it/c6uu
2025-12-03,Once Upon a Time in Anatolia,2011,https://boxd.it/2yHG
2025-12-08,Enemy,2013,https://boxd.it/5xtO
2025-12-08,Prisoners,2013,https://boxd.it/4E5i
2025-12-08,Polytechnique,2009,https://boxd.it/1AMG
2025-12-08,Leave No Traces,2021,https://boxd.it/tFwO
2025-12-08,Lesson of a Dead Language,1979,https://boxd.it/eEus
2025-12-15,Shithouse,2020,https://boxd.it/nCFc
2025-12-15,Cha Cha Real Smooth,2022,https://boxd.it/uF8E
2025-12-16,Grey Gardens,1975,https://boxd.it/1INM
2025-12-18,Heaven's Gate,1980,https://boxd.it/1V2k
2025-12-18,King of New York,1990,https://boxd.it/1Ynq
2025-12-18,New Rose Hotel,1998,https://boxd.it/1BVY
2025-12-18,The Funeral,1996,https://boxd.it/1BC8
2025-12-18,Daddy Longlegs,2009,https://boxd.it/kNQ
2025-12-18,Body Snatchers,1993,https://boxd.it/23UE
2025-12-21,No Ghosts on Good Street,2025,https://boxd.it/T2vE
2025-12-21,Echo,2023,https://boxd.it/J1YK
2025-12-21,Education,2016,https://boxd.it/hH8K
2025-12-21,A Beautiful Wildflower Meadow,2022,https://boxd.it/D1ii
2025-12-26,The Remains of the Day,1993,https://boxd.it/291A
2025-12-26,Sling Blade,1996,https://boxd.it/1RRo
2025-12-26,Cape Fear,1991,https://boxd.it/28vu
2025-12-29,One Flew Over the Cuckoo's Nest,1975,https://boxd.it/2aeA
2025-12-29,Man on the Moon,1999,https://boxd.it/281k
2025-12-30,The Prestige,2006,https://boxd.it/293w
2025-12-30,Memento,2000,https://boxd.it/2bcK
2025-12-30,The Odyssey,2026,https://boxd.it/QFQU
2025-12-30,Interstellar,2014,https://boxd.it/4VZ8
2026-01-08,Good Time,2017,https://boxd.it/fcFu
2026-01-09,Pépé le Moko,1937,https://boxd.it/1ufQ
2026-01-12,Little Fish,2020,https://boxd.it/lAFK
2026-01-13,Bull Durham,1988,https://boxd.it/2wS8
2026-01-26,Lost in America,1985,https://boxd.it/1shq
2026-01-27,Away,2019,https://boxd.it/m1xI
2026-01-27,Young Frankenstein,1974,https://boxd.it/25To
2026-01-29,A Woman Under the Influence,1974,https://boxd.it/1myg
2026-01-29,Dark Blue Girl,2017,https://boxd.it/fGOQ
2026-02-01,Anniversary,2025,https://boxd.it/GAYY
2026-02-07,Absolute Beginners,2023,https://boxd.it/KPkW
2026-02-07,High Life,2018,https://boxd.it/d6bk
2026-02-10,A Dry White Season,1989,https://boxd.it/1hMM
2026-02-10,Ruby Bridges,1998,https://boxd.it/3lzw
2026-02-10,Siméon,1992,https://boxd.it/2rs
2026-02-10,Journey of the Dissidents,2006,https://boxd.it/gBLu
2026-02-12,The Plague Dogs,1982,https://boxd.it/1m38
2026-02-13,Morvern Callar,2002,https://boxd.it/1GDU
2026-02-13,Ratcatcher,1999,https://boxd.it/1mSg
2026-02-14,Nirvanna the Band the Show the Movie,2025,https://boxd.it/HG9a
2026-02-14,Fellini's Casanova,1976,https://boxd.it/Xp4
2026-02-16,Sans Soleil,1983,https://boxd.it/28B8
2026-02-17,Inside Llewyn Davis,2013,https://boxd.it/34Ro
2026-02-18,I Am So Proud of You,2008,https://boxd.it/1h0e
2026-02-18,It's Such a Beautiful Day,2012,https://boxd.it/hCY2
2026-02-18,Wild at Heart,1990,https://boxd.it/2aii
2026-02-19,Nashville,1975,https://boxd.it/25GE
2026-02-19,The Rider,2017,https://boxd.it/gazw
2026-02-19,A Moment of Innocence,1996,https://boxd.it/T6W
2026-02-20,Evil Does Not Exist,2023,https://boxd.it/HJrc
2026-02-20,Happy Hour,2015,https://boxd.it/bXge
2026-02-20,Sentimental Value,2025,https://boxd.it/GwcG
2026-02-23,Yellow Letters,2026,https://boxd.it/Odiw
2026-02-23,"Good Luck, Have Fun, Don't Die",2025,https://boxd.it/Glua
2026-02-23,Taxi,1998,https://boxd.it/26UM
2026-02-25,The Traveler,1974,https://boxd.it/vfK
2026-02-27,25 Years of Innocence,2020,https://boxd.it/rPMy
2026-02-28,Where Is the Friend's House?,1987,https://boxd.it/ELg
2026-03-02,Ugetsu,1953,https://boxd.it/1NyM
2026-03-04,Happiness,1998,https://boxd.it/1VEe
2026-03-05,The Moment,2026,https://boxd.it/SCkg
2026-03-05,Gosford Park,2001,https://boxd.it/239e
2026-03-06,Bend It Like Beckham,2002,https://boxd.it/2am0
2026-03-07,Ewa Wants to Sleep,1958,https://boxd.it/3aH0
2026-03-07,Cruel Intentions,1999,https://boxd.it/29Be
2026-03-08,Dad,2022,https://boxd.it/BLdu
2026-03-08,Innocent Sorcerers,1960,https://boxd.it/2NIY
2026-03-08,Secretary,2002,https://boxd.it/1URc
2026-03-08,Mona Lisa Smile,2003,https://boxd.it/1T0Q
2026-03-11,Hoppers,2026,https://boxd.it/OFpg
2026-03-12,When They See Us,2019,https://boxd.it/kbJU
2026-03-13,The Baltimorons,2025,https://boxd.it/SBYa
2026-03-13,The Princess Bride,1987,https://boxd.it/26EY
2026-03-13,After Hours,1985,https://boxd.it/1VfS
2026-03-15,"Linda, Linda!",2025,https://boxd.it/Tfz0
2026-03-15,Antichrist,2009,https://boxd.it/1Inu
2026-03-15,One or the Other of Us,1974,https://boxd.it/5XG0
2026-03-15,Alice in the Cities,1974,https://boxd.it/27cG
2026-03-17,You Say That You’re Staying at the Party Because You’re Having Fun,2026,https://boxd.it/115qo
2026-03-17,The Young Girls of Rochefort,1967,https://boxd.it/26K8
2026-03-17,Bouchra,2025,https://boxd.it/WrTs
2026-03-17,Ennio,2021,https://boxd.it/dRZc
2026-03-17,Toni Erdmann,2016,https://boxd.it/d0xu
2026-03-19,The Dreamers,2003,https://boxd.it/28X4
2026-03-19,The Librarians,2025,https://boxd.it/RSom
2026-03-20,Jodorowsky's Dune,2013,https://boxd.it/5MP6
2026-03-20,Bleeder,1999,https://boxd.it/1HKs
2026-03-20,Her Private Hell,,https://boxd.it/UtHY
2026-03-21,Border Street,1948,https://boxd.it/aeSK
